round,source_commit,container,operation,n,median_cpu_ns_per_op,cpu_cv,repetitions,radix_storage_bytes
r0,a208fe508c8ec6e3a9a5296dceefe6c2933ad543,absl_btree_set,erase,100000,47.660627586199276,0.002778528549179655,5,
r0,a208fe508c8ec6e3a9a5296dceefe6c2933ad543,absl_btree_set,erase,1000000,63.176503000001105,0.0011966048695125045,5,
r0,a208fe508c8ec6e3a9a5296dceefe6c2933ad543,absl_btree_set,erase,1024,13.748527592046285,0.04041947712073996,5,
r0,a208fe508c8ec6e3a9a5296dceefe6c2933ad543,absl_btree_set,find_hit,100000,36.58337368421057,0.007754642060881504,5,
r0,a208fe508c8ec6e3a9a5296dceefe6c2933ad543,absl_btree_set,find_hit,1000000,52.819547000000945,0.00190895538484044,5,
r0,a208fe508c8ec6e3a9a5296dceefe6c2933ad543,absl_btree_set,find_hit,1024,8.002097097128226,0.042625173280016644,5,
r0,a208fe508c8ec6e3a9a5296dceefe6c2933ad543,absl_btree_set,find_miss,100000,36.08260435897411,0.003168540958556272,5,
r0,a208fe508c8ec6e3a9a5296dceefe6c2933ad543,absl_btree_set,find_miss,1000000,52.41788733333289,0.0018872177274984465,5,
r0,a208fe508c8ec6e3a9a5296dceefe6c2933ad543,absl_btree_set,find_miss,1024,8.257687642694126,0.01149846103882028,5,
r0,a208fe508c8ec6e3a9a5296dceefe6c2933ad543,absl_btree_set,find_mixed,100000,39.25453388888932,0.0029718055124936986,5,
r0,a208fe508c8ec6e3a9a5296dceefe6c2933ad543,absl_btree_set,find_mixed,1000000,55.53026933333408,0.003809353521447447,5,
r0,a208fe508c8ec6e3a9a5296dceefe6c2933ad543,absl_btree_set,find_mixed,1024,8.183490052725075,0.02470758712886795,5,
r0,a208fe508c8ec6e3a9a5296dceefe6c2933ad543,absl_btree_set,insert,100000,52.43753518519788,0.0034391893505366523,5,
r0,a208fe508c8ec6e3a9a5296dceefe6c2933ad543,absl_btree_set,insert,1000000,68.67558850000322,0.0033904593215502423,5,
r0,a208fe508c8ec6e3a9a5296dceefe6c2933ad543,absl_btree_set,insert,1024,15.930574508230801,0.021250164275009528,5,
r0,a208fe508c8ec6e3a9a5296dceefe6c2933ad543,author_btree_avx2,erase,100000,24.133070172410463,0.003123568293189722,5,
r0,a208fe508c8ec6e3a9a5296dceefe6c2933ad543,author_btree_avx2,erase,1000000,37.27099100000153,0.00632854432864954,5,
r0,a208fe508c8ec6e3a9a5296dceefe6c2933ad543,author_btree_avx2,erase,1024,11.651127879720313,0.013615260031123805,5,
r0,a208fe508c8ec6e3a9a5296dceefe6c2933ad543,author_btree_avx2,find_hit,100000,9.170185194805194,0.0034463306091834438,5,
r0,a208fe508c8ec6e3a9a5296dceefe6c2933ad543,author_btree_avx2,find_hit,1000000,18.452502625001088,0.0040074424015167035,5,
r0,a208fe508c8ec6e3a9a5296dceefe6c2933ad543,author_btree_avx2,find_hit,1024,3.9888568634398216,0.003377233087195031,5,
r0,a208fe508c8ec6e3a9a5296dceefe6c2933ad543,author_btree_avx2,find_miss,100000,9.503019115646136,0.0021352294406806285,5,
r0,a208fe508c8ec6e3a9a5296dceefe6c2933ad543,author_btree_avx2,find_miss,1000000,18.96103542857143,0.002361221041844189,5,
r0,a208fe508c8ec6e3a9a5296dceefe6c2933ad543,author_btree_avx2,find_miss,1024,3.994928904241696,0.0028497597636515,5,
r0,a208fe508c8ec6e3a9a5296dceefe6c2933ad543,author_btree_avx2,find_mixed,100000,9.310566866666647,0.001911944888020508,5,
r0,a208fe508c8ec6e3a9a5296dceefe6c2933ad543,author_btree_avx2,find_mixed,1000000,18.767236428571113,0.0019336734265675126,5,
r0,a208fe508c8ec6e3a9a5296dceefe6c2933ad543,author_btree_avx2,find_mixed,1024,3.979953667891031,0.004929621942608518,5,
r0,a208fe508c8ec6e3a9a5296dceefe6c2933ad543,author_btree_avx2,insert,100000,15.057981720428504,0.007287394039091488,5,
r0,a208fe508c8ec6e3a9a5296dceefe6c2933ad543,author_btree_avx2,insert,1000000,25.236505166662464,0.002892078720561782,5,
r0,a208fe508c8ec6e3a9a5296dceefe6c2933ad543,author_btree_avx2,insert,1024,8.875053866651838,0.01251197176890104,5,
r0,a208fe508c8ec6e3a9a5296dceefe6c2933ad543,radix_bitmap_set,erase,100000,140.85093000002047,0.013102644193970042,5,
r0,a208fe508c8ec6e3a9a5296dceefe6c2933ad543,radix_bitmap_set,erase,1000000,43.85999933333551,0.005127377524323652,5,
r0,a208fe508c8ec6e3a9a5296dceefe6c2933ad543,radix_bitmap_set,erase,1024,16.37981925403825,0.06878880225920518,5,
r0,a208fe508c8ec6e3a9a5296dceefe6c2933ad543,radix_bitmap_set,find_hit,100000,2.884995509355532,0.0017723341983366273,5,422448400
r0,a208fe508c8ec6e3a9a5296dceefe6c2933ad543,radix_bitmap_set,find_hit,1000000,12.218648545454512,0.0013962435709146577,5,539500592
r0,a208fe508c8ec6e3a9a5296dceefe6c2933ad543,radix_bitmap_set,find_hit,1024,1.065235785038141,0.10124310323159637,5,8912784
r0,a208fe508c8ec6e3a9a5296dceefe6c2933ad543,radix_bitmap_set,find_miss,100000,2.949228183760729,0.010350663954688035,5,422448400
r0,a208fe508c8ec6e3a9a5296dceefe6c2933ad543,radix_bitmap_set,find_miss,1000000,12.27855718181817,0.0007614953636398296,5,539500592
r0,a208fe508c8ec6e3a9a5296dceefe6c2933ad543,radix_bitmap_set,find_miss,1024,0.4200345416761497,0.006709445287105878,5,8912784
r0,a208fe508c8ec6e3a9a5296dceefe6c2933ad543,radix_bitmap_set,find_mixed,100000,2.646460415019619,0.012863823143997788,5,422448400
r0,a208fe508c8ec6e3a9a5296dceefe6c2933ad543,radix_bitmap_set,find_mixed,1000000,12.226152636363578,0.0014083253058990214,5,539500592
r0,a208fe508c8ec6e3a9a5296dceefe6c2933ad543,radix_bitmap_set,find_mixed,1024,0.7067079537454418,0.07173490111272163,5,8912784
r0,a208fe508c8ec6e3a9a5296dceefe6c2933ad543,radix_bitmap_set,insert,100000,604.5993000000216,0.012217466643262237,5,
r0,a208fe508c8ec6e3a9a5296dceefe6c2933ad543,radix_bitmap_set,insert,1000000,100.92849100000123,0.012444186715457812,5,
r0,a208fe508c8ec6e3a9a5296dceefe6c2933ad543,radix_bitmap_set,insert,1024,68.10892537338304,0.015772262714815976,5,
r0,a208fe508c8ec6e3a9a5296dceefe6c2933ad543,std_set,erase,100000,120.96283249999117,0.004265593185664956,5,
r0,a208fe508c8ec6e3a9a5296dceefe6c2933ad543,std_set,erase,1000000,271.03594899999894,0.008931246727096151,5,
r0,a208fe508c8ec6e3a9a5296dceefe6c2933ad543,std_set,erase,1024,12.567889071672086,0.035883516755055286,5,
r0,a208fe508c8ec6e3a9a5296dceefe6c2933ad543,std_set,find_hit,100000,102.894335714285,0.008591502559888064,5,
r0,a208fe508c8ec6e3a9a5296dceefe6c2933ad543,std_set,find_hit,1000000,281.49307599999673,0.0027361639145557365,5,
r0,a208fe508c8ec6e3a9a5296dceefe6c2933ad543,std_set,find_hit,1024,3.0998530341071473,0.012629992230448825,5,
r0,a208fe508c8ec6e3a9a5296dceefe6c2933ad543,std_set,find_miss,100000,102.30984071428496,0.007652007346748651,5,
r0,a208fe508c8ec6e3a9a5296dceefe6c2933ad543,std_set,find_miss,1000000,260.2239289999986,0.009044859137788616,5,
r0,a208fe508c8ec6e3a9a5296dceefe6c2933ad543,std_set,find_miss,1024,3.1054995933885516,0.021451496665110384,5,
r0,a208fe508c8ec6e3a9a5296dceefe6c2933ad543,std_set,find_mixed,100000,104.32095923076913,0.008714944607898012,5,
r0,a208fe508c8ec6e3a9a5296dceefe6c2933ad543,std_set,find_mixed,1000000,272.4067800000007,0.006929567235096241,5,
r0,a208fe508c8ec6e3a9a5296dceefe6c2933ad543,std_set,find_mixed,1024,3.1104138377102575,0.019255206376799245,5,
r0,a208fe508c8ec6e3a9a5296dceefe6c2933ad543,std_set,insert,100000,83.1610364705886,0.0026756988004206918,5,
r0,a208fe508c8ec6e3a9a5296dceefe6c2933ad543,std_set,insert,1000000,151.52129399999126,0.0060304207434333105,5,
r0,a208fe508c8ec6e3a9a5296dceefe6c2933ad543,std_set,insert,1024,12.521553186269003,0.01952796923372643,5,
r1,ee495b839e2fb6e211f60badcbbe859e456a9c1c,absl_btree_set,erase,100000,47.41200833332471,0.0018875818769748328,5,
r1,ee495b839e2fb6e211f60badcbbe859e456a9c1c,absl_btree_set,erase,1000000,63.03057499999998,0.006760958129407853,5,
r1,ee495b839e2fb6e211f60badcbbe859e456a9c1c,absl_btree_set,erase,1024,14.628437417891629,0.01830078410978315,5,
r1,ee495b839e2fb6e211f60badcbbe859e456a9c1c,absl_btree_set,find_hit,100000,36.71947894736822,0.004265695081515192,5,
r1,ee495b839e2fb6e211f60badcbbe859e456a9c1c,absl_btree_set,find_hit,1000000,52.76826766666668,0.0014362649110677863,5,
r1,ee495b839e2fb6e211f60badcbbe859e456a9c1c,absl_btree_set,find_hit,1024,7.967728500343885,0.022619316461783952,5,
r1,ee495b839e2fb6e211f60badcbbe859e456a9c1c,absl_btree_set,find_miss,100000,35.68244410256482,0.004731180588205604,5,
r1,ee495b839e2fb6e211f60badcbbe859e456a9c1c,absl_btree_set,find_miss,1000000,52.07814033333354,0.0036087313733742543,5,
r1,ee495b839e2fb6e211f60badcbbe859e456a9c1c,absl_btree_set,find_miss,1024,8.003457549799249,0.019783497855963204,5,
r1,ee495b839e2fb6e211f60badcbbe859e456a9c1c,absl_btree_set,find_mixed,100000,39.04765722222376,0.0025439722417700174,5,
r1,ee495b839e2fb6e211f60badcbbe859e456a9c1c,absl_btree_set,find_mixed,1000000,55.52355500000061,0.0014154043010570466,5,
r1,ee495b839e2fb6e211f60badcbbe859e456a9c1c,absl_btree_set,find_mixed,1024,7.887753812649766,0.03252241553590949,5,
r1,ee495b839e2fb6e211f60badcbbe859e456a9c1c,absl_btree_set,insert,100000,53.146593076927374,0.07264552389006884,5,
r1,ee495b839e2fb6e211f60badcbbe859e456a9c1c,absl_btree_set,insert,1000000,69.27960049999626,0.0652001995699652,5,
r1,ee495b839e2fb6e211f60badcbbe859e456a9c1c,absl_btree_set,insert,1024,16.885068268760502,0.09572390177565393,5,
r1,ee495b839e2fb6e211f60badcbbe859e456a9c1c,author_btree_avx2,erase,100000,23.7439572881362,0.00289578077611518,5,
r1,ee495b839e2fb6e211f60badcbbe859e456a9c1c,author_btree_avx2,erase,1000000,36.81829024999994,0.007128265319090883,5,
r1,ee495b839e2fb6e211f60badcbbe859e456a9c1c,author_btree_avx2,erase,1024,11.593834229146813,0.01980427620461493,5,
r1,ee495b839e2fb6e211f60badcbbe859e456a9c1c,author_btree_avx2,find_hit,100000,9.152228692810656,0.003877964385661096,5,
r1,ee495b839e2fb6e211f60badcbbe859e456a9c1c,author_btree_avx2,find_hit,1000000,18.53530457142938,0.0020811300321836087,5,
r1,ee495b839e2fb6e211f60badcbbe859e456a9c1c,author_btree_avx2,find_hit,1024,3.9920411369282527,0.0030368090428974214,5,
r1,ee495b839e2fb6e211f60badcbbe859e456a9c1c,author_btree_avx2,find_miss,100000,9.34928080000006,0.0006885929563980386,5,
r1,ee495b839e2fb6e211f60badcbbe859e456a9c1c,author_btree_avx2,find_miss,1000000,18.954242857144468,0.0014032700384006703,5,
r1,ee495b839e2fb6e211f60badcbbe859e456a9c1c,author_btree_avx2,find_miss,1024,4.001908878801829,0.002306806314319599,5,
r1,ee495b839e2fb6e211f60badcbbe859e456a9c1c,author_btree_avx2,find_mixed,100000,9.253806466666484,0.003974362557337718,5,
r1,ee495b839e2fb6e211f60badcbbe859e456a9c1c,author_btree_avx2,find_mixed,1000000,18.788434714285707,0.0007716206606765654,5,
r1,ee495b839e2fb6e211f60badcbbe859e456a9c1c,author_btree_avx2,find_mixed,1024,4.017082017719163,0.0013427182672614535,5,
r1,ee495b839e2fb6e211f60badcbbe859e456a9c1c,author_btree_avx2,insert,100000,15.114054130435193,0.0025438966547379803,5,
r1,ee495b839e2fb6e211f60badcbbe859e456a9c1c,author_btree_avx2,insert,1000000,25.639230799998813,0.004832259799092328,5,
r1,ee495b839e2fb6e211f60badcbbe859e456a9c1c,author_btree_avx2,insert,1024,8.885522166830908,0.03149548680102745,5,
r1,ee495b839e2fb6e211f60badcbbe859e456a9c1c,radix_bitmap_set,erase,100000,127.1551027272657,0.03259952619580729,5,
r1,ee495b839e2fb6e211f60badcbbe859e456a9c1c,radix_bitmap_set,erase,1000000,45.338053999995985,0.0037238759802657694,5,
r1,ee495b839e2fb6e211f60badcbbe859e456a9c1c,radix_bitmap_set,erase,1024,13.514453279171835,0.008337723375626717,5,
r1,ee495b839e2fb6e211f60badcbbe859e456a9c1c,radix_bitmap_set,find_hit,100000,3.8422132584269653,0.0047815927212848846,5,422448400
r1,ee495b839e2fb6e211f60badcbbe859e456a9c1c,radix_bitmap_set,find_hit,1000000,14.208987199999967,0.0013551346394881352,5,539500592
r1,ee495b839e2fb6e211f60badcbbe859e456a9c1c,radix_bitmap_set,find_hit,1024,1.4897621767526306,0.02597280822739461,5,8912784
r1,ee495b839e2fb6e211f60badcbbe859e456a9c1c,radix_bitmap_set,find_miss,100000,2.474599569120242,0.007304092479206457,5,422448400
r1,ee495b839e2fb6e211f60badcbbe859e456a9c1c,radix_bitmap_set,find_miss,1000000,2.7047357551020808,0.009176809453066393,5,539500592
r1,ee495b839e2fb6e211f60badcbbe859e456a9c1c,radix_bitmap_set,find_miss,1024,0.416435956901855,0.016699031897543345,5,8912784
r1,ee495b839e2fb6e211f60badcbbe859e456a9c1c,radix_bitmap_set,find_mixed,100000,6.961275588235338,0.01686832035584595,5,422448400
r1,ee495b839e2fb6e211f60badcbbe859e456a9c1c,radix_bitmap_set,find_mixed,1000000,11.660086727272558,0.019538407150771958,5,539500592
r1,ee495b839e2fb6e211f60badcbbe859e456a9c1c,radix_bitmap_set,find_mixed,1024,0.9322544956319129,0.012727249958029312,5,8912784
r1,ee495b839e2fb6e211f60badcbbe859e456a9c1c,radix_bitmap_set,insert,100000,438.4638033333488,0.012971733861709979,5,
r1,ee495b839e2fb6e211f60badcbbe859e456a9c1c,radix_bitmap_set,insert,1000000,92.03856150000078,0.006597784423625582,5,
r1,ee495b839e2fb6e211f60badcbbe859e456a9c1c,radix_bitmap_set,insert,1024,16.429966251500616,0.016902354700438594,5,
r1,ee495b839e2fb6e211f60badcbbe859e456a9c1c,std_set,erase,100000,120.59887666666665,0.004479733057680956,5,
r1,ee495b839e2fb6e211f60badcbbe859e456a9c1c,std_set,erase,1000000,268.8946560000005,0.0042487485033795335,5,
r1,ee495b839e2fb6e211f60badcbbe859e456a9c1c,std_set,erase,1024,12.359626559734252,0.018815718187565056,5,
r1,ee495b839e2fb6e211f60badcbbe859e456a9c1c,std_set,find_hit,100000,103.71812357143082,0.00691227865684674,5,
r1,ee495b839e2fb6e211f60badcbbe859e456a9c1c,std_set,find_hit,1000000,283.62546399999644,0.007944588057252245,5,
r1,ee495b839e2fb6e211f60badcbbe859e456a9c1c,std_set,find_hit,1024,3.7846046180701163,0.029136067445702362,5,
r1,ee495b839e2fb6e211f60badcbbe859e456a9c1c,std_set,find_miss,100000,102.70871642857418,0.002931489743337049,5,
r1,ee495b839e2fb6e211f60badcbbe859e456a9c1c,std_set,find_miss,1000000,257.4950729999994,0.01849465691629907,5,
r1,ee495b839e2fb6e211f60badcbbe859e456a9c1c,std_set,find_miss,1024,3.092244937106665,0.00987263637507124,5,
r1,ee495b839e2fb6e211f60badcbbe859e456a9c1c,std_set,find_mixed,100000,104.58234923076814,0.007827706575387807,5,
r1,ee495b839e2fb6e211f60badcbbe859e456a9c1c,std_set,find_mixed,1000000,270.5279979999915,0.014970565073840236,5,
r1,ee495b839e2fb6e211f60badcbbe859e456a9c1c,std_set,find_mixed,1024,3.169401787983844,0.016785650653807282,5,
r1,ee495b839e2fb6e211f60badcbbe859e456a9c1c,std_set,insert,100000,82.85153235293873,0.0012369537247597633,5,
r1,ee495b839e2fb6e211f60badcbbe859e456a9c1c,std_set,insert,1000000,151.32252300000104,0.0058667919284490005,5,
r1,ee495b839e2fb6e211f60badcbbe859e456a9c1c,std_set,insert,1024,12.671552739866874,0.018503665104921862,5,
r2,4e4f3528b0f8560d5df51cecdb3fb1a1f077a180,absl_btree_set,erase,100000,48.02745103447872,0.002918359822667156,5,
r2,4e4f3528b0f8560d5df51cecdb3fb1a1f077a180,absl_btree_set,erase,1000000,63.66004899999567,0.000477693055680957,5,
r2,4e4f3528b0f8560d5df51cecdb3fb1a1f077a180,absl_btree_set,erase,1024,15.384525904772572,0.01268538380852218,5,
r2,4e4f3528b0f8560d5df51cecdb3fb1a1f077a180,absl_btree_set,find_hit,100000,36.57953102564084,0.00994719202171287,5,
r2,4e4f3528b0f8560d5df51cecdb3fb1a1f077a180,absl_btree_set,find_hit,1000000,52.760930666666546,0.007572893828469854,5,
r2,4e4f3528b0f8560d5df51cecdb3fb1a1f077a180,absl_btree_set,find_hit,1024,7.941908740795867,0.021678429509628026,5,
r2,4e4f3528b0f8560d5df51cecdb3fb1a1f077a180,absl_btree_set,find_miss,100000,35.78754102564156,0.007497743308410401,5,
r2,4e4f3528b0f8560d5df51cecdb3fb1a1f077a180,absl_btree_set,find_miss,1000000,52.21727466666456,0.003009133320594167,5,
r2,4e4f3528b0f8560d5df51cecdb3fb1a1f077a180,absl_btree_set,find_miss,1024,7.996427868847935,0.015090385669410187,5,
r2,4e4f3528b0f8560d5df51cecdb3fb1a1f077a180,absl_btree_set,find_mixed,100000,39.32144249999917,0.004985098622559612,5,
r2,4e4f3528b0f8560d5df51cecdb3fb1a1f077a180,absl_btree_set,find_mixed,1000000,55.51127066666576,0.0015065834284400757,5,
r2,4e4f3528b0f8560d5df51cecdb3fb1a1f077a180,absl_btree_set,find_mixed,1024,7.831152041962096,0.016156052392928694,5,
r2,4e4f3528b0f8560d5df51cecdb3fb1a1f077a180,absl_btree_set,insert,100000,52.93098444444358,0.009634084872864894,5,
r2,4e4f3528b0f8560d5df51cecdb3fb1a1f077a180,absl_btree_set,insert,1000000,68.79001800000495,0.004322672297872028,5,
r2,4e4f3528b0f8560d5df51cecdb3fb1a1f077a180,absl_btree_set,insert,1024,18.81111426401925,0.010723125622342629,5,
r2,4e4f3528b0f8560d5df51cecdb3fb1a1f077a180,author_btree_avx2,erase,100000,23.62376033898492,0.004889077789622285,5,
r2,4e4f3528b0f8560d5df51cecdb3fb1a1f077a180,author_btree_avx2,erase,1000000,36.705899000001985,0.0020433671385847,5,
r2,4e4f3528b0f8560d5df51cecdb3fb1a1f077a180,author_btree_avx2,erase,1024,11.743516636726525,0.016614393934438594,5,
r2,4e4f3528b0f8560d5df51cecdb3fb1a1f077a180,author_btree_avx2,find_hit,100000,9.21229251655619,0.004129864302328607,5,
r2,4e4f3528b0f8560d5df51cecdb3fb1a1f077a180,author_btree_avx2,find_hit,1000000,18.513371625000552,0.002684555538262563,5,
r2,4e4f3528b0f8560d5df51cecdb3fb1a1f077a180,author_btree_avx2,find_hit,1024,4.078536730850486,0.003460326196035264,5,
r2,4e4f3528b0f8560d5df51cecdb3fb1a1f077a180,author_btree_avx2,find_miss,100000,9.29073373333343,0.0018042126009420827,5,
r2,4e4f3528b0f8560d5df51cecdb3fb1a1f077a180,author_btree_avx2,find_miss,1000000,18.79663728571452,0.002068792454609676,5,
r2,4e4f3528b0f8560d5df51cecdb3fb1a1f077a180,author_btree_avx2,find_miss,1024,3.985507316878861,0.002209954232882449,5,
r2,4e4f3528b0f8560d5df51cecdb3fb1a1f077a180,author_btree_avx2,find_mixed,100000,9.268460728476866,0.0026546329985835493,5,
r2,4e4f3528b0f8560d5df51cecdb3fb1a1f077a180,author_btree_avx2,find_mixed,1000000,18.842066714286027,0.002431079185681262,5,
r2,4e4f3528b0f8560d5df51cecdb3fb1a1f077a180,author_btree_avx2,find_mixed,1024,3.986113878560599,0.0031547784072174104,5,
r2,4e4f3528b0f8560d5df51cecdb3fb1a1f077a180,author_btree_avx2,insert,100000,14.980321630442562,0.006971537694898032,5,
r2,4e4f3528b0f8560d5df51cecdb3fb1a1f077a180,author_btree_avx2,insert,1000000,25.385765199999355,0.0011937627846308873,5,
r2,4e4f3528b0f8560d5df51cecdb3fb1a1f077a180,author_btree_avx2,insert,1024,8.914080524333961,0.004658461816175269,5,
r2,4e4f3528b0f8560d5df51cecdb3fb1a1f077a180,radix_bitmap_set,erase,100000,27.82544749999764,0.017174874136515708,5,
r2,4e4f3528b0f8560d5df51cecdb3fb1a1f077a180,radix_bitmap_set,erase,1000000,27.791017833333598,0.05491451578489017,5,
r2,4e4f3528b0f8560d5df51cecdb3fb1a1f077a180,radix_bitmap_set,erase,1024,18.011196014892903,0.008977240903556134,5,
r2,4e4f3528b0f8560d5df51cecdb3fb1a1f077a180,radix_bitmap_set,find_hit,100000,8.102296127167609,0.0023569739126075885,5,9224792
r2,4e4f3528b0f8560d5df51cecdb3fb1a1f077a180,radix_bitmap_set,find_hit,1000000,12.516140199999624,0.025203386677932274,5,21674664
r2,4e4f3528b0f8560d5df51cecdb3fb1a1f077a180,radix_bitmap_set,find_hit,1024,3.453784857940372,0.007399676887657917,5,695600
r2,4e4f3528b0f8560d5df51cecdb3fb1a1f077a180,radix_bitmap_set,find_miss,100000,2.1427330203442816,0.016386829392583416,5,9224792
r2,4e4f3528b0f8560d5df51cecdb3fb1a1f077a180,radix_bitmap_set,find_miss,1000000,1.8480746478873329,0.015131771785649627,5,21674664
r2,4e4f3528b0f8560d5df51cecdb3fb1a1f077a180,radix_bitmap_set,find_miss,1024,0.5051599746846643,0.05415726680413195,5,695600
r2,4e4f3528b0f8560d5df51cecdb3fb1a1f077a180,radix_bitmap_set,find_mixed,100000,10.806637131783061,0.007243458519360013,5,9224792
r2,4e4f3528b0f8560d5df51cecdb3fb1a1f077a180,radix_bitmap_set,find_mixed,1000000,12.093279909090946,0.011445168505393212,5,21674664
r2,4e4f3528b0f8560d5df51cecdb3fb1a1f077a180,radix_bitmap_set,find_mixed,1024,1.9484182807930999,0.004747544095919956,5,695600
r2,4e4f3528b0f8560d5df51cecdb3fb1a1f077a180,radix_bitmap_set,insert,100000,27.972328461541426,0.09826047204451362,5,
r2,4e4f3528b0f8560d5df51cecdb3fb1a1f077a180,radix_bitmap_set,insert,1000000,28.721834199998852,0.015489988208256441,5,
r2,4e4f3528b0f8560d5df51cecdb3fb1a1f077a180,radix_bitmap_set,insert,1024,14.566882578599175,0.06273595917706073,5,
r2,4e4f3528b0f8560d5df51cecdb3fb1a1f077a180,std_set,erase,100000,120.28937000000481,0.0011341016344530372,5,
r2,4e4f3528b0f8560d5df51cecdb3fb1a1f077a180,std_set,erase,1000000,269.9041809999869,0.009371840548042456,5,
r2,4e4f3528b0f8560d5df51cecdb3fb1a1f077a180,std_set,erase,1024,12.504035792279726,0.010263858874976536,5,
r2,4e4f3528b0f8560d5df51cecdb3fb1a1f077a180,std_set,find_hit,100000,105.13144000000258,0.008469448636300048,5,
r2,4e4f3528b0f8560d5df51cecdb3fb1a1f077a180,std_set,find_hit,1000000,284.9481040000015,0.008519776976162808,5,
r2,4e4f3528b0f8560d5df51cecdb3fb1a1f077a180,std_set,find_hit,1024,3.7253769296319708,0.029492967448570634,5,
r2,4e4f3528b0f8560d5df51cecdb3fb1a1f077a180,std_set,find_miss,100000,103.4408607142875,0.008029690992575807,5,
r2,4e4f3528b0f8560d5df51cecdb3fb1a1f077a180,std_set,find_miss,1000000,258.7161920000014,0.018068227572897815,5,
r2,4e4f3528b0f8560d5df51cecdb3fb1a1f077a180,std_set,find_miss,1024,3.227637324322153,0.01998240707336689,5,
r2,4e4f3528b0f8560d5df51cecdb3fb1a1f077a180,std_set,find_mixed,100000,107.09986153845928,0.005888567063849578,5,
r2,4e4f3528b0f8560d5df51cecdb3fb1a1f077a180,std_set,find_mixed,1000000,274.52395000000007,0.012137297775968317,5,
r2,4e4f3528b0f8560d5df51cecdb3fb1a1f077a180,std_set,find_mixed,1024,3.9181912353474644,0.012661639348014729,5,
r2,4e4f3528b0f8560d5df51cecdb3fb1a1f077a180,std_set,insert,100000,82.5292941176477,0.004625352079859351,5,
r2,4e4f3528b0f8560d5df51cecdb3fb1a1f077a180,std_set,insert,1000000,151.01475600000214,0.006999424716213784,5,
r2,4e4f3528b0f8560d5df51cecdb3fb1a1f077a180,std_set,insert,1024,12.236878777013716,0.022066415955165963,5,
r3,2f4cbbfd5cc7a29d3354dd18a22c97c901ba6cb5,absl_btree_set,erase,100000,46.67102799998919,0.0017390029369233027,5,
r3,2f4cbbfd5cc7a29d3354dd18a22c97c901ba6cb5,absl_btree_set,erase,1000000,62.20771649999968,0.0030262695639123567,5,
r3,2f4cbbfd5cc7a29d3354dd18a22c97c901ba6cb5,absl_btree_set,erase,1024,13.615786518510557,0.02252279399331281,5,
r3,2f4cbbfd5cc7a29d3354dd18a22c97c901ba6cb5,absl_btree_set,find_hit,100000,36.69589794871815,0.008843610559358209,5,
r3,2f4cbbfd5cc7a29d3354dd18a22c97c901ba6cb5,absl_btree_set,find_hit,1000000,52.754885666666716,0.007800983971768621,5,
r3,2f4cbbfd5cc7a29d3354dd18a22c97c901ba6cb5,absl_btree_set,find_hit,1024,7.987984641851575,0.03701331368453517,5,
r3,2f4cbbfd5cc7a29d3354dd18a22c97c901ba6cb5,absl_btree_set,find_miss,100000,36.35045026315783,0.007396012649777134,5,
r3,2f4cbbfd5cc7a29d3354dd18a22c97c901ba6cb5,absl_btree_set,find_miss,1000000,52.940527333333876,0.0031455257250729758,5,
r3,2f4cbbfd5cc7a29d3354dd18a22c97c901ba6cb5,absl_btree_set,find_miss,1024,7.758958452122479,0.020375134334771183,5,
r3,2f4cbbfd5cc7a29d3354dd18a22c97c901ba6cb5,absl_btree_set,find_mixed,100000,38.76469583333394,0.0052447686842696664,5,
r3,2f4cbbfd5cc7a29d3354dd18a22c97c901ba6cb5,absl_btree_set,find_mixed,1000000,54.92243633333279,0.004102588132668714,5,
r3,2f4cbbfd5cc7a29d3354dd18a22c97c901ba6cb5,absl_btree_set,find_mixed,1024,7.893946555089643,0.03547827947510028,5,
r3,2f4cbbfd5cc7a29d3354dd18a22c97c901ba6cb5,absl_btree_set,insert,100000,52.71676222222063,0.006434437914713663,5,
r3,2f4cbbfd5cc7a29d3354dd18a22c97c901ba6cb5,absl_btree_set,insert,1000000,68.53419299999963,0.0660156763060483,5,
r3,2f4cbbfd5cc7a29d3354dd18a22c97c901ba6cb5,absl_btree_set,insert,1024,18.149219970378525,0.09928071538711347,5,
r3,2f4cbbfd5cc7a29d3354dd18a22c97c901ba6cb5,author_btree_avx2,erase,100000,23.593836610164292,0.0005833933234732072,5,
r3,2f4cbbfd5cc7a29d3354dd18a22c97c901ba6cb5,author_btree_avx2,erase,1000000,36.587117250000745,0.003047970524676865,5,
r3,2f4cbbfd5cc7a29d3354dd18a22c97c901ba6cb5,author_btree_avx2,erase,1024,11.679059686016302,0.004954143400477239,5,
r3,2f4cbbfd5cc7a29d3354dd18a22c97c901ba6cb5,author_btree_avx2,find_hit,100000,9.135680909090873,0.003653159892883073,5,
r3,2f4cbbfd5cc7a29d3354dd18a22c97c901ba6cb5,author_btree_avx2,find_hit,1000000,18.417727375000027,0.0018867347978496095,5,
r3,2f4cbbfd5cc7a29d3354dd18a22c97c901ba6cb5,author_btree_avx2,find_hit,1024,3.9901402251197484,0.0028029336424642776,5,
r3,2f4cbbfd5cc7a29d3354dd18a22c97c901ba6cb5,author_btree_avx2,find_miss,100000,9.412717583892299,0.003206174495633692,5,
r3,2f4cbbfd5cc7a29d3354dd18a22c97c901ba6cb5,author_btree_avx2,find_miss,1000000,18.946282142857335,0.002846181596243802,5,
r3,2f4cbbfd5cc7a29d3354dd18a22c97c901ba6cb5,author_btree_avx2,find_miss,1024,3.9956411660356914,0.0028413011277706804,5,
r3,2f4cbbfd5cc7a29d3354dd18a22c97c901ba6cb5,author_btree_avx2,find_mixed,100000,9.310779933333416,0.002754535278876422,5,
r3,2f4cbbfd5cc7a29d3354dd18a22c97c901ba6cb5,author_btree_avx2,find_mixed,1000000,18.824704285714336,0.0022211066499677125,5,
r3,2f4cbbfd5cc7a29d3354dd18a22c97c901ba6cb5,author_btree_avx2,find_mixed,1024,3.9892092746251886,0.003861895925335909,5,
r3,2f4cbbfd5cc7a29d3354dd18a22c97c901ba6cb5,author_btree_avx2,insert,100000,14.975567741937654,0.004896232733138859,5,
r3,2f4cbbfd5cc7a29d3354dd18a22c97c901ba6cb5,author_btree_avx2,insert,1000000,25.45376460000099,0.0012151670345638865,5,
r3,2f4cbbfd5cc7a29d3354dd18a22c97c901ba6cb5,author_btree_avx2,insert,1024,8.909605358778936,0.002983438486732769,5,
r3,2f4cbbfd5cc7a29d3354dd18a22c97c901ba6cb5,radix_bitmap_set,erase,100000,32.39558255814451,0.02070535798001406,5,
r3,2f4cbbfd5cc7a29d3354dd18a22c97c901ba6cb5,radix_bitmap_set,erase,1000000,36.857233000002765,0.02153669359078823,5,
r3,2f4cbbfd5cc7a29d3354dd18a22c97c901ba6cb5,radix_bitmap_set,erase,1024,17.424307790252076,0.00707865549278298,5,
r3,2f4cbbfd5cc7a29d3354dd18a22c97c901ba6cb5,radix_bitmap_set,find_hit,100000,3.8078063978495433,0.006807207673194073,5,10866488
r3,2f4cbbfd5cc7a29d3354dd18a22c97c901ba6cb5,radix_bitmap_set,find_hit,1000000,8.536775500000093,0.031038988252667155,5,23771816
r3,2f4cbbfd5cc7a29d3354dd18a22c97c901ba6cb5,radix_bitmap_set,find_hit,1024,1.6212273785193385,0.007872003466987207,5,728208
r3,2f4cbbfd5cc7a29d3354dd18a22c97c901ba6cb5,radix_bitmap_set,find_miss,100000,2.092333613861391,0.038018931075751376,5,10866488
r3,2f4cbbfd5cc7a29d3354dd18a22c97c901ba6cb5,radix_bitmap_set,find_miss,1000000,1.8459835000000058,0.012469294392516199,5,23771816
r3,2f4cbbfd5cc7a29d3354dd18a22c97c901ba6cb5,radix_bitmap_set,find_miss,1024,0.40427038061146725,0.024555114914511466,5,728208
r3,2f4cbbfd5cc7a29d3354dd18a22c97c901ba6cb5,radix_bitmap_set,find_mixed,100000,6.1822910619468985,0.015935135394458684,5,10866488
r3,2f4cbbfd5cc7a29d3354dd18a22c97c901ba6cb5,radix_bitmap_set,find_mixed,1000000,8.27574076470604,0.026683422884080047,5,23771816
r3,2f4cbbfd5cc7a29d3354dd18a22c97c901ba6cb5,radix_bitmap_set,find_mixed,1024,0.9914443659358482,0.01058733215307716,5,728208
r3,2f4cbbfd5cc7a29d3354dd18a22c97c901ba6cb5,radix_bitmap_set,insert,100000,39.33735028571915,0.054922586956670086,5,
r3,2f4cbbfd5cc7a29d3354dd18a22c97c901ba6cb5,radix_bitmap_set,insert,1000000,35.987782666666725,0.033106022327119296,5,
r3,2f4cbbfd5cc7a29d3354dd18a22c97c901ba6cb5,radix_bitmap_set,insert,1024,21.525150687091287,0.029930924568201345,5,
r3,2f4cbbfd5cc7a29d3354dd18a22c97c901ba6cb5,std_set,erase,100000,125.22073818183023,0.005433831432034457,5,
r3,2f4cbbfd5cc7a29d3354dd18a22c97c901ba6cb5,std_set,erase,1000000,277.04570899999936,0.016909366281530624,5,
r3,2f4cbbfd5cc7a29d3354dd18a22c97c901ba6cb5,std_set,erase,1024,12.721872795114338,0.0146946668461283,5,
r3,2f4cbbfd5cc7a29d3354dd18a22c97c901ba6cb5,std_set,find_hit,100000,104.51410538460837,0.01254591476946457,5,
r3,2f4cbbfd5cc7a29d3354dd18a22c97c901ba6cb5,std_set,find_hit,1000000,283.3708870000038,0.009117743779572147,5,
r3,2f4cbbfd5cc7a29d3354dd18a22c97c901ba6cb5,std_set,find_hit,1024,3.211033566465461,0.006471648192882958,5,
r3,2f4cbbfd5cc7a29d3354dd18a22c97c901ba6cb5,std_set,find_miss,100000,103.66216785714397,0.014565660053640976,5,
r3,2f4cbbfd5cc7a29d3354dd18a22c97c901ba6cb5,std_set,find_miss,1000000,262.3024170000008,0.019121694218668273,5,
r3,2f4cbbfd5cc7a29d3354dd18a22c97c901ba6cb5,std_set,find_miss,1024,3.311273449769357,0.05587611683861538,5,
r3,2f4cbbfd5cc7a29d3354dd18a22c97c901ba6cb5,std_set,find_mixed,100000,105.62320076923099,0.006708168518703301,5,
r3,2f4cbbfd5cc7a29d3354dd18a22c97c901ba6cb5,std_set,find_mixed,1000000,275.01839699999664,0.005010775583086971,5,
r3,2f4cbbfd5cc7a29d3354dd18a22c97c901ba6cb5,std_set,find_mixed,1024,3.1342631722282244,0.07058137000989456,5,
r3,2f4cbbfd5cc7a29d3354dd18a22c97c901ba6cb5,std_set,insert,100000,83.17027058823273,0.002505506126930235,5,
r3,2f4cbbfd5cc7a29d3354dd18a22c97c901ba6cb5,std_set,insert,1000000,150.87950199999955,0.008622177821846995,5,
r3,2f4cbbfd5cc7a29d3354dd18a22c97c901ba6cb5,std_set,insert,1024,12.231442096955629,0.024757788944144182,5,
r4,981c1d8bdb686ac3c1b1248a641e166c7cb48bff,absl_btree_set,erase,100000,48.12713793103467,0.004632236952063872,5,
r4,981c1d8bdb686ac3c1b1248a641e166c7cb48bff,absl_btree_set,erase,1000000,64.04634450000302,0.0034028001913124764,5,
r4,981c1d8bdb686ac3c1b1248a641e166c7cb48bff,absl_btree_set,erase,1024,14.179923961267322,0.02455898206655512,5,
r4,981c1d8bdb686ac3c1b1248a641e166c7cb48bff,absl_btree_set,find_hit,100000,35.83116128205131,0.006030085816971635,5,
r4,981c1d8bdb686ac3c1b1248a641e166c7cb48bff,absl_btree_set,find_hit,1000000,52.424950666666824,0.0009416000711160215,5,
r4,981c1d8bdb686ac3c1b1248a641e166c7cb48bff,absl_btree_set,find_hit,1024,7.638434409106357,0.02911381733992524,5,
r4,981c1d8bdb686ac3c1b1248a641e166c7cb48bff,absl_btree_set,find_miss,100000,36.77098342105255,0.005731799304801236,5,
r4,981c1d8bdb686ac3c1b1248a641e166c7cb48bff,absl_btree_set,find_miss,1000000,52.95526800000042,0.0015681965175754087,5,
r4,981c1d8bdb686ac3c1b1248a641e166c7cb48bff,absl_btree_set,find_miss,1024,8.833192687640372,0.06920190447897151,5,
r4,981c1d8bdb686ac3c1b1248a641e166c7cb48bff,absl_btree_set,find_mixed,100000,39.16491027777778,0.0020896561521474848,5,
r4,981c1d8bdb686ac3c1b1248a641e166c7cb48bff,absl_btree_set,find_mixed,1000000,55.27696799999996,0.0030504477107302034,5,
r4,981c1d8bdb686ac3c1b1248a641e166c7cb48bff,absl_btree_set,find_mixed,1024,7.619485000439062,0.007788332668873285,5,
r4,981c1d8bdb686ac3c1b1248a641e166c7cb48bff,absl_btree_set,insert,100000,52.63243807692839,0.004350337681146573,5,
r4,981c1d8bdb686ac3c1b1248a641e166c7cb48bff,absl_btree_set,insert,1000000,69.38335000000073,0.0034053704711938092,5,
r4,981c1d8bdb686ac3c1b1248a641e166c7cb48bff,absl_btree_set,insert,1024,16.575289267471646,0.021848686198685283,5,
r4,981c1d8bdb686ac3c1b1248a641e166c7cb48bff,author_btree_avx2,erase,100000,24.019381724136235,0.0013084240935748955,5,
r4,981c1d8bdb686ac3c1b1248a641e166c7cb48bff,author_btree_avx2,erase,1000000,37.523008750007136,0.004974920053224188,5,
r4,981c1d8bdb686ac3c1b1248a641e166c7cb48bff,author_btree_avx2,erase,1024,11.729122677305122,0.029085841936830243,5,
r4,981c1d8bdb686ac3c1b1248a641e166c7cb48bff,author_btree_avx2,find_hit,100000,9.10067954545452,0.003745397213182363,5,
r4,981c1d8bdb686ac3c1b1248a641e166c7cb48bff,author_btree_avx2,find_hit,1000000,18.410642749999706,0.005256092450572683,5,
r4,981c1d8bdb686ac3c1b1248a641e166c7cb48bff,author_btree_avx2,find_hit,1024,3.9888308301340802,0.0003116450041628473,5,
r4,981c1d8bdb686ac3c1b1248a641e166c7cb48bff,author_btree_avx2,find_miss,100000,9.462212837837837,0.004661313453126514,5,
r4,981c1d8bdb686ac3c1b1248a641e166c7cb48bff,author_btree_avx2,find_miss,1000000,18.90852414285758,0.0024666866673899177,5,
r4,981c1d8bdb686ac3c1b1248a641e166c7cb48bff,author_btree_avx2,find_miss,1024,3.9970120742377726,0.002244099262444532,5,
r4,981c1d8bdb686ac3c1b1248a641e166c7cb48bff,author_btree_avx2,find_mixed,100000,9.250608079470192,0.006318549438514052,5,
r4,981c1d8bdb686ac3c1b1248a641e166c7cb48bff,author_btree_avx2,find_mixed,1000000,18.71579557142817,0.0016404472385819842,5,
r4,981c1d8bdb686ac3c1b1248a641e166c7cb48bff,author_btree_avx2,find_mixed,1024,4.007639933129839,0.0035265965380355258,5,
r4,981c1d8bdb686ac3c1b1248a641e166c7cb48bff,author_btree_avx2,insert,100000,14.97128903226454,0.007045642986301111,5,
r4,981c1d8bdb686ac3c1b1248a641e166c7cb48bff,author_btree_avx2,insert,1000000,25.29850779999876,0.0004616488075592204,5,
r4,981c1d8bdb686ac3c1b1248a641e166c7cb48bff,author_btree_avx2,insert,1024,8.937611090058896,0.005788661372340438,5,
r4,981c1d8bdb686ac3c1b1248a641e166c7cb48bff,radix_bitmap_set,erase,100000,31.195306444448395,0.005927898839738179,5,
r4,981c1d8bdb686ac3c1b1248a641e166c7cb48bff,radix_bitmap_set,erase,1000000,32.6031320000002,0.009525925372270642,5,
r4,981c1d8bdb686ac3c1b1248a641e166c7cb48bff,radix_bitmap_set,erase,1024,15.877981465363751,0.047407092514091725,5,
r4,981c1d8bdb686ac3c1b1248a641e166c7cb48bff,radix_bitmap_set,find_hit,100000,3.7979375065616914,0.014933911873863894,5,16128632
r4,981c1d8bdb686ac3c1b1248a641e166c7cb48bff,radix_bitmap_set,find_hit,1000000,8.959437928571694,0.031212662926019517,5,26339624
r4,981c1d8bdb686ac3c1b1248a641e166c7cb48bff,radix_bitmap_set,find_hit,1024,1.9148590452441616,0.005392281640304114,5,842296
r4,981c1d8bdb686ac3c1b1248a641e166c7cb48bff,radix_bitmap_set,find_miss,100000,2.079121404320988,0.008052550966506315,5,16128632
r4,981c1d8bdb686ac3c1b1248a641e166c7cb48bff,radix_bitmap_set,find_miss,1000000,1.8455987638888633,0.014045604696893262,5,26339624
r4,981c1d8bdb686ac3c1b1248a641e166c7cb48bff,radix_bitmap_set,find_miss,1024,0.4144036447611542,0.003626677475056581,5,842296
r4,981c1d8bdb686ac3c1b1248a641e166c7cb48bff,radix_bitmap_set,find_mixed,100000,6.41284267281098,0.006453375290696271,5,16128632
r4,981c1d8bdb686ac3c1b1248a641e166c7cb48bff,radix_bitmap_set,find_mixed,1000000,8.493931999999926,0.008643715181949592,5,26339624
r4,981c1d8bdb686ac3c1b1248a641e166c7cb48bff,radix_bitmap_set,find_mixed,1024,1.1192703319508932,0.0036364814037900648,5,842296
r4,981c1d8bdb686ac3c1b1248a641e166c7cb48bff,radix_bitmap_set,insert,100000,29.688304166664757,0.008592702918719155,5,
r4,981c1d8bdb686ac3c1b1248a641e166c7cb48bff,radix_bitmap_set,insert,1000000,28.82741820000021,0.004782204850843427,5,
r4,981c1d8bdb686ac3c1b1248a641e166c7cb48bff,radix_bitmap_set,insert,1024,20.473694862918347,0.029667985468886233,5,
r4,981c1d8bdb686ac3c1b1248a641e166c7cb48bff,std_set,erase,100000,121.11278250000505,0.00447150236731905,5,
r4,981c1d8bdb686ac3c1b1248a641e166c7cb48bff,std_set,erase,1000000,270.34650800000117,0.010572638695951068,5,
r4,981c1d8bdb686ac3c1b1248a641e166c7cb48bff,std_set,erase,1024,12.104413348591493,0.007838056338131977,5,
r4,981c1d8bdb686ac3c1b1248a641e166c7cb48bff,std_set,find_hit,100000,103.09489785714302,0.005499452848527563,5,
r4,981c1d8bdb686ac3c1b1248a641e166c7cb48bff,std_set,find_hit,1000000,280.7273909999992,0.005437291236214166,5,
r4,981c1d8bdb686ac3c1b1248a641e166c7cb48bff,std_set,find_hit,1024,3.113142744801211,0.013708208078478027,5,
r4,981c1d8bdb686ac3c1b1248a641e166c7cb48bff,std_set,find_miss,100000,102.46724999999758,0.0101851426416143,5,
r4,981c1d8bdb686ac3c1b1248a641e166c7cb48bff,std_set,find_miss,1000000,260.4623469999998,0.02081075749685011,5,
r4,981c1d8bdb686ac3c1b1248a641e166c7cb48bff,std_set,find_miss,1024,3.1316465637011364,0.03424485378982931,5,
r4,981c1d8bdb686ac3c1b1248a641e166c7cb48bff,std_set,find_mixed,100000,105.10219307692299,0.0060485985339176224,5,
r4,981c1d8bdb686ac3c1b1248a641e166c7cb48bff,std_set,find_mixed,1000000,270.493382999998,0.008182240160103117,5,
r4,981c1d8bdb686ac3c1b1248a641e166c7cb48bff,std_set,find_mixed,1024,3.122007342393309,0.01715153446138887,5,
r4,981c1d8bdb686ac3c1b1248a641e166c7cb48bff,std_set,insert,100000,82.55670941178086,0.0030721324462825734,5,
r4,981c1d8bdb686ac3c1b1248a641e166c7cb48bff,std_set,insert,1000000,150.63403999999636,0.006466155816842317,5,
r4,981c1d8bdb686ac3c1b1248a641e166c7cb48bff,std_set,insert,1024,12.097501416517549,0.005508804362818909,5,
r5,0822733573c646cf719d54fe478c893f3c19a89a,absl_btree_set,erase,100000,47.307661999989634,0.0009120707804653891,5,
r5,0822733573c646cf719d54fe478c893f3c19a89a,absl_btree_set,erase,1000000,63.01048200000103,0.0036182134807990402,5,
r5,0822733573c646cf719d54fe478c893f3c19a89a,absl_btree_set,erase,1024,13.906743673240117,0.01764994461370275,5,
r5,0822733573c646cf719d54fe478c893f3c19a89a,absl_btree_set,find_hit,100000,35.999797948717536,0.00299407985855219,5,
r5,0822733573c646cf719d54fe478c893f3c19a89a,absl_btree_set,find_hit,1000000,52.323276666667105,0.004473493497234905,5,
r5,0822733573c646cf719d54fe478c893f3c19a89a,absl_btree_set,find_hit,1024,7.900403025050815,0.01304769225767433,5,
r5,0822733573c646cf719d54fe478c893f3c19a89a,absl_btree_set,find_miss,100000,36.34816157894586,0.007110803324049844,5,
r5,0822733573c646cf719d54fe478c893f3c19a89a,absl_btree_set,find_miss,1000000,52.65402999999935,0.0026978199267061135,5,
r5,0822733573c646cf719d54fe478c893f3c19a89a,absl_btree_set,find_miss,1024,8.694363112825151,0.02206153516935839,5,
r5,0822733573c646cf719d54fe478c893f3c19a89a,absl_btree_set,find_mixed,100000,39.01126972222199,0.0015946260992495223,5,
r5,0822733573c646cf719d54fe478c893f3c19a89a,absl_btree_set,find_mixed,1000000,55.46518066666787,0.002901588295724586,5,
r5,0822733573c646cf719d54fe478c893f3c19a89a,absl_btree_set,find_mixed,1024,7.525402172283935,0.011811397403276228,5,
r5,0822733573c646cf719d54fe478c893f3c19a89a,absl_btree_set,insert,100000,52.7887988888906,0.005086630837031213,5,
r5,0822733573c646cf719d54fe478c893f3c19a89a,absl_btree_set,insert,1000000,69.08078949999918,0.005654684319047007,5,
r5,0822733573c646cf719d54fe478c893f3c19a89a,absl_btree_set,insert,1024,16.964562655143148,0.023324989020214338,5,
r5,0822733573c646cf719d54fe478c893f3c19a89a,author_btree_avx2,erase,100000,23.561361355943667,0.0015054425701151444,5,
r5,0822733573c646cf719d54fe478c893f3c19a89a,author_btree_avx2,erase,1000000,36.40692150000113,0.004547609208403375,5,
r5,0822733573c646cf719d54fe478c893f3c19a89a,author_btree_avx2,erase,1024,11.638539221030113,0.0253246255764311,5,
r5,0822733573c646cf719d54fe478c893f3c19a89a,author_btree_avx2,find_hit,100000,9.17584091503257,0.0028065949737286814,5,
r5,0822733573c646cf719d54fe478c893f3c19a89a,author_btree_avx2,find_hit,1000000,18.52754562500003,0.002035229041329616,5,
r5,0822733573c646cf719d54fe478c893f3c19a89a,author_btree_avx2,find_hit,1024,3.973443164765651,0.002041768847508303,5,
r5,0822733573c646cf719d54fe478c893f3c19a89a,author_btree_avx2,find_miss,100000,9.328487866666535,0.007948206574005426,5,
r5,0822733573c646cf719d54fe478c893f3c19a89a,author_btree_avx2,find_miss,1000000,18.88303771428517,0.0016373529321555514,5,
r5,0822733573c646cf719d54fe478c893f3c19a89a,author_btree_avx2,find_miss,1024,3.9929119795149197,0.003272775469411768,5,
r5,0822733573c646cf719d54fe478c893f3c19a89a,author_btree_avx2,find_mixed,100000,9.26451622516557,0.0025643365051492137,5,
r5,0822733573c646cf719d54fe478c893f3c19a89a,author_btree_avx2,find_mixed,1000000,18.78690171428486,0.001247266475582459,5,
r5,0822733573c646cf719d54fe478c893f3c19a89a,author_btree_avx2,find_mixed,1024,3.9867627840909057,0.001219366395058151,5,
r5,0822733573c646cf719d54fe478c893f3c19a89a,author_btree_avx2,insert,100000,15.088878913040716,0.006032859786388534,5,
r5,0822733573c646cf719d54fe478c893f3c19a89a,author_btree_avx2,insert,1000000,25.538584000003084,0.012817603898012108,5,
r5,0822733573c646cf719d54fe478c893f3c19a89a,author_btree_avx2,insert,1024,9.041182364481195,0.02354696137121986,5,
r5,0822733573c646cf719d54fe478c893f3c19a89a,radix_bitmap_set,erase,100000,25.09878053571438,0.007536188736120711,5,
r5,0822733573c646cf719d54fe478c893f3c19a89a,radix_bitmap_set,erase,1000000,23.490925833332454,0.017303849773173657,5,
r5,0822733573c646cf719d54fe478c893f3c19a89a,radix_bitmap_set,erase,1024,14.898944833466183,0.041767831583325706,5,
r5,0822733573c646cf719d54fe478c893f3c19a89a,radix_bitmap_set,find_hit,100000,3.8287941256830638,0.012356812887375963,5,16128632
r5,0822733573c646cf719d54fe478c893f3c19a89a,radix_bitmap_set,find_hit,1000000,9.454461333333105,0.02742155417035366,5,26339624
r5,0822733573c646cf719d54fe478c893f3c19a89a,radix_bitmap_set,find_hit,1024,1.9128156376094403,0.006079331250465684,5,842296
r5,0822733573c646cf719d54fe478c893f3c19a89a,radix_bitmap_set,find_miss,100000,2.2262123948220194,0.00958287988380698,5,16128632
r5,0822733573c646cf719d54fe478c893f3c19a89a,radix_bitmap_set,find_miss,1000000,1.8650646944444245,0.016002715518713958,5,26339624
r5,0822733573c646cf719d54fe478c893f3c19a89a,radix_bitmap_set,find_miss,1024,0.47031683762369797,0.007057373672058215,5,842296
r5,0822733573c646cf719d54fe478c893f3c19a89a,radix_bitmap_set,find_mixed,100000,6.299835429864279,0.002878166219675642,5,16128632
r5,0822733573c646cf719d54fe478c893f3c19a89a,radix_bitmap_set,find_mixed,1000000,8.766467374999865,0.030883301341742223,5,26339624
r5,0822733573c646cf719d54fe478c893f3c19a89a,radix_bitmap_set,find_mixed,1024,1.117854076952141,0.0035173207897912897,5,842296
r5,0822733573c646cf719d54fe478c893f3c19a89a,radix_bitmap_set,insert,100000,19.78937788732723,0.012431920044665092,5,
r5,0822733573c646cf719d54fe478c893f3c19a89a,radix_bitmap_set,insert,1000000,18.887972714283915,0.00614327293197422,5,
r5,0822733573c646cf719d54fe478c893f3c19a89a,radix_bitmap_set,insert,1024,20.238801539506554,0.028537547928799614,5,
r5,0822733573c646cf719d54fe478c893f3c19a89a,std_set,erase,100000,120.4281408333352,0.0016237298470576902,5,
r5,0822733573c646cf719d54fe478c893f3c19a89a,std_set,erase,1000000,265.4804249999999,0.007892216427292669,5,
r5,0822733573c646cf719d54fe478c893f3c19a89a,std_set,erase,1024,12.30148131586438,0.006785341001508889,5,
r5,0822733573c646cf719d54fe478c893f3c19a89a,std_set,find_hit,100000,103.29367071428462,0.006813329216384788,5,
r5,0822733573c646cf719d54fe478c893f3c19a89a,std_set,find_hit,1000000,281.0209310000005,0.008018212027523933,5,
r5,0822733573c646cf719d54fe478c893f3c19a89a,std_set,find_hit,1024,3.1171166648943447,0.012151177098763927,5,
r5,0822733573c646cf719d54fe478c893f3c19a89a,std_set,find_miss,100000,102.91298769230978,0.004537542021274928,5,
r5,0822733573c646cf719d54fe478c893f3c19a89a,std_set,find_miss,1000000,265.37033800000387,0.010118059297973967,5,
r5,0822733573c646cf719d54fe478c893f3c19a89a,std_set,find_miss,1024,3.8518999462298726,0.015488640671623822,5,
r5,0822733573c646cf719d54fe478c893f3c19a89a,std_set,find_mixed,100000,105.2494378571416,0.006215963482911053,5,
r5,0822733573c646cf719d54fe478c893f3c19a89a,std_set,find_mixed,1000000,271.8633119999936,0.010778204872078957,5,
r5,0822733573c646cf719d54fe478c893f3c19a89a,std_set,find_mixed,1024,3.212962494376947,0.0709336711316691,5,
r5,0822733573c646cf719d54fe478c893f3c19a89a,std_set,insert,100000,82.42068117647918,0.001438002688906825,5,
r5,0822733573c646cf719d54fe478c893f3c19a89a,std_set,insert,1000000,151.3247970000009,0.0044296283182535855,5,
r5,0822733573c646cf719d54fe478c893f3c19a89a,std_set,insert,1024,12.121618450875385,0.00340164400615404,5,
r6,1d05f7710eeefb052e99ff81a6299d43d21a8ff6,absl_btree_set,erase,100000,47.45114900000165,0.004682686295124997,5,
r6,1d05f7710eeefb052e99ff81a6299d43d21a8ff6,absl_btree_set,erase,1000000,63.23381650000215,0.0015173990628837707,5,
r6,1d05f7710eeefb052e99ff81a6299d43d21a8ff6,absl_btree_set,erase,1024,13.396417036432059,0.04251267532829237,5,
r6,1d05f7710eeefb052e99ff81a6299d43d21a8ff6,absl_btree_set,find_hit,100000,36.732134210526105,0.008223147921719416,5,
r6,1d05f7710eeefb052e99ff81a6299d43d21a8ff6,absl_btree_set,find_hit,1000000,53.14887133333457,0.0025005273431536663,5,
r6,1d05f7710eeefb052e99ff81a6299d43d21a8ff6,absl_btree_set,find_hit,1024,7.735764947523284,0.019795914251874727,5,
r6,1d05f7710eeefb052e99ff81a6299d43d21a8ff6,absl_btree_set,find_miss,100000,36.115913157894695,0.003676437956657022,5,
r6,1d05f7710eeefb052e99ff81a6299d43d21a8ff6,absl_btree_set,find_miss,1000000,52.78108200000039,0.005305832972417059,5,
r6,1d05f7710eeefb052e99ff81a6299d43d21a8ff6,absl_btree_set,find_miss,1024,8.29936132336371,0.04022310940320445,5,
r6,1d05f7710eeefb052e99ff81a6299d43d21a8ff6,absl_btree_set,find_mixed,100000,40.07373657142921,0.0050698092971127465,5,
r6,1d05f7710eeefb052e99ff81a6299d43d21a8ff6,absl_btree_set,find_mixed,1000000,56.181864500000955,0.008182305364973,5,
r6,1d05f7710eeefb052e99ff81a6299d43d21a8ff6,absl_btree_set,find_mixed,1024,7.985689223280248,0.04033909020095262,5,
r6,1d05f7710eeefb052e99ff81a6299d43d21a8ff6,absl_btree_set,insert,100000,52.188617407405296,0.0034140567304436955,5,
r6,1d05f7710eeefb052e99ff81a6299d43d21a8ff6,absl_btree_set,insert,1000000,68.58737850000196,0.002833465232532551,5,
r6,1d05f7710eeefb052e99ff81a6299d43d21a8ff6,absl_btree_set,insert,1024,16.420704279597675,0.015251258501866434,5,
r6,1d05f7710eeefb052e99ff81a6299d43d21a8ff6,author_btree_avx2,erase,100000,23.75780118644035,0.0038328401848211173,5,
r6,1d05f7710eeefb052e99ff81a6299d43d21a8ff6,author_btree_avx2,erase,1000000,36.64694099999988,0.0037706320051017622,5,
r6,1d05f7710eeefb052e99ff81a6299d43d21a8ff6,author_btree_avx2,erase,1024,11.764326920234359,0.008286418945937322,5,
r6,1d05f7710eeefb052e99ff81a6299d43d21a8ff6,author_btree_avx2,find_hit,100000,9.221594640523065,0.004308334754688015,5,
r6,1d05f7710eeefb052e99ff81a6299d43d21a8ff6,author_btree_avx2,find_hit,1000000,18.55457262500004,0.003621893886480722,5,
r6,1d05f7710eeefb052e99ff81a6299d43d21a8ff6,author_btree_avx2,find_hit,1024,4.0884086340909,0.004491301784484009,5,
r6,1d05f7710eeefb052e99ff81a6299d43d21a8ff6,author_btree_avx2,find_miss,100000,9.314203066666948,0.0028756770001259406,5,
r6,1d05f7710eeefb052e99ff81a6299d43d21a8ff6,author_btree_avx2,find_miss,1000000,18.797228428571344,0.002942811116949231,5,
r6,1d05f7710eeefb052e99ff81a6299d43d21a8ff6,author_btree_avx2,find_miss,1024,3.976319989075827,0.0036689501988484106,5,
r6,1d05f7710eeefb052e99ff81a6299d43d21a8ff6,author_btree_avx2,find_mixed,100000,9.29883226666656,0.0004161479859184553,5,
r6,1d05f7710eeefb052e99ff81a6299d43d21a8ff6,author_btree_avx2,find_mixed,1000000,18.770207571428443,0.002538973863485109,5,
r6,1d05f7710eeefb052e99ff81a6299d43d21a8ff6,author_btree_avx2,find_mixed,1024,4.004424714867278,0.004038845214389788,5,
r6,1d05f7710eeefb052e99ff81a6299d43d21a8ff6,author_btree_avx2,insert,100000,15.012263617020615,0.004795024937302985,5,
r6,1d05f7710eeefb052e99ff81a6299d43d21a8ff6,author_btree_avx2,insert,1000000,25.416272200000023,0.002237154755657291,5,
r6,1d05f7710eeefb052e99ff81a6299d43d21a8ff6,author_btree_avx2,insert,1024,9.152364725587212,0.054531742753738205,5,
r6,1d05f7710eeefb052e99ff81a6299d43d21a8ff6,radix_bitmap_set,erase,100000,26.826762115394864,0.0042997819253483924,5,
r6,1d05f7710eeefb052e99ff81a6299d43d21a8ff6,radix_bitmap_set,erase,1000000,24.602506499999066,0.017773694714675065,5,
r6,1d05f7710eeefb052e99ff81a6299d43d21a8ff6,radix_bitmap_set,erase,1024,16.492836501155992,0.058767102952343477,5,
r6,1d05f7710eeefb052e99ff81a6299d43d21a8ff6,radix_bitmap_set,find_hit,100000,3.932098254847665,0.014269899886310122,5,16539056
r6,1d05f7710eeefb052e99ff81a6299d43d21a8ff6,radix_bitmap_set,find_hit,1000000,9.106791000000003,0.03441026370658752,5,26863912
r6,1d05f7710eeefb052e99ff81a6299d43d21a8ff6,radix_bitmap_set,find_hit,1024,2.0536174794294992,0.0018738633287549446,5,850448
r6,1d05f7710eeefb052e99ff81a6299d43d21a8ff6,radix_bitmap_set,find_miss,100000,2.2313432107023337,0.36044938097584467,5,16539056
r6,1d05f7710eeefb052e99ff81a6299d43d21a8ff6,radix_bitmap_set,find_miss,1000000,1.8663976301369805,0.01367601398865962,5,26863912
r6,1d05f7710eeefb052e99ff81a6299d43d21a8ff6,radix_bitmap_set,find_miss,1024,0.4542914953027525,0.00423720026724082,5,850448
r6,1d05f7710eeefb052e99ff81a6299d43d21a8ff6,radix_bitmap_set,find_mixed,100000,6.455606728110525,0.002671093929834521,5,16539056
r6,1d05f7710eeefb052e99ff81a6299d43d21a8ff6,radix_bitmap_set,find_mixed,1000000,8.809526250000033,0.015292744194056844,5,26863912
r6,1d05f7710eeefb052e99ff81a6299d43d21a8ff6,radix_bitmap_set,find_mixed,1024,1.202826262219653,0.005885440808390394,5,850448
r6,1d05f7710eeefb052e99ff81a6299d43d21a8ff6,radix_bitmap_set,insert,100000,20.002337571428694,0.006742425295951864,5,
r6,1d05f7710eeefb052e99ff81a6299d43d21a8ff6,radix_bitmap_set,insert,1000000,18.94459585714208,0.007615974179252364,5,
r6,1d05f7710eeefb052e99ff81a6299d43d21a8ff6,radix_bitmap_set,insert,1024,19.529331717680062,0.01637895796707415,5,
r6,1d05f7710eeefb052e99ff81a6299d43d21a8ff6,std_set,erase,100000,125.80141636361604,0.004991211683251854,5,
r6,1d05f7710eeefb052e99ff81a6299d43d21a8ff6,std_set,erase,1000000,272.5047540000034,0.005870316156803588,5,
r6,1d05f7710eeefb052e99ff81a6299d43d21a8ff6,std_set,erase,1024,12.346238809761802,0.013320737509585411,5,
r6,1d05f7710eeefb052e99ff81a6299d43d21a8ff6,std_set,find_hit,100000,104.91658307692283,0.005581975364606747,5,
r6,1d05f7710eeefb052e99ff81a6299d43d21a8ff6,std_set,find_hit,1000000,283.8659149999998,0.008502505273566127,5,
r6,1d05f7710eeefb052e99ff81a6299d43d21a8ff6,std_set,find_hit,1024,3.756145686039782,0.0174360327619335,5,
r6,1d05f7710eeefb052e99ff81a6299d43d21a8ff6,std_set,find_miss,100000,102.36991071428392,0.010887339192735762,5,
r6,1d05f7710eeefb052e99ff81a6299d43d21a8ff6,std_set,find_miss,1000000,258.8228930000085,0.01391899936155094,5,
r6,1d05f7710eeefb052e99ff81a6299d43d21a8ff6,std_set,find_miss,1024,3.1518137893977087,0.03063418253945139,5,
r6,1d05f7710eeefb052e99ff81a6299d43d21a8ff6,std_set,find_mixed,100000,105.33901214285737,0.008724839064543133,5,
r6,1d05f7710eeefb052e99ff81a6299d43d21a8ff6,std_set,find_mixed,1000000,270.56783299999944,0.006243443191836342,5,
r6,1d05f7710eeefb052e99ff81a6299d43d21a8ff6,std_set,find_mixed,1024,3.1190432322703865,0.0210132890813912,5,
r6,1d05f7710eeefb052e99ff81a6299d43d21a8ff6,std_set,insert,100000,82.75044352942436,0.005872080440412158,5,
r6,1d05f7710eeefb052e99ff81a6299d43d21a8ff6,std_set,insert,1000000,151.7999850000038,0.004614923484316044,5,
r6,1d05f7710eeefb052e99ff81a6299d43d21a8ff6,std_set,insert,1024,12.25023608072512,0.020467581491205367,5,
